{"assets/sounds/bad_touch.mp3":["assets/sounds/bad_touch.mp3"],"assets/sounds/bad_touch_tamil.mp3":["assets/sounds/bad_touch_tamil.mp3"],"assets/sounds/cat.mp3":["assets/sounds/cat.mp3"],"assets/sounds/dog.mp3":["assets/sounds/dog.mp3"],"assets/sounds/elephant.mp3":["assets/sounds/elephant.mp3"],"assets/sounds/giraffe.mp3":["assets/sounds/giraffe.mp3"],"assets/sounds/good_touch.mp3":["assets/sounds/good_touch.mp3"],"assets/sounds/good_touch_tamil.mp3":["assets/sounds/good_touch_tamil.mp3"],"assets/sounds/kangaroo.mp3":["assets/sounds/kangaroo.mp3"],"assets/sounds/lion.mp3":["assets/sounds/lion.mp3"],"assets/sounds/monkey.mp3":["assets/sounds/monkey.mp3"],"assets/sounds/panda.mp3":["assets/sounds/panda.mp3"],"assets/sounds/therapy.mp3":["assets/sounds/therapy.mp3"],"assets/sounds/tiger.mp3":["assets/sounds/tiger.mp3"],"assets/sounds/zebra.mp3":["assets/sounds/zebra.mp3"],"assets/train4.mp4":["assets/train4.mp4"],"images/1106.2986v2.pdf":["images/1106.2986v2.pdf"],"images/Alphabets_BG.jpeg":["images/Alphabets_BG.jpeg"],"images/Alphabets_Icon.jpeg":["images/Alphabets_Icon.jpeg"],"images/Animals_BG.jpeg":["images/Animals_BG.jpeg"],"images/Animals_Icon.jpeg":["images/Animals_Icon.jpeg"],"images/Apple2.jpeg":["images/Apple2.jpeg"],"images/AskThings_BG.jpeg":["images/AskThings_BG.jpeg"],"images/Ask_Icon.png":["images/Ask_Icon.png"],"images/Feveract.jpeg":["images/Feveract.jpeg"],"images/Food.jpeg":["images/Food.jpeg"],"images/Foodact.jpeg":["images/Foodact.jpeg"],"images/Fruits_BG.jpeg":["images/Fruits_BG.jpeg"],"images/Fruits_Icon.jpeg":["images/Fruits_Icon.jpeg"],"images/GB_Icon.jpeg":["images/GB_Icon.jpeg"],"images/Game_Icon.jpeg":["images/Game_Icon.jpeg"],"images/Learning_Icon.jpeg":["images/Learning_Icon.jpeg"],"images/Mango2.jpeg":["images/Mango2.jpeg"],"images/Math_Icon.jpeg":["images/Math_Icon.jpeg"],"images/Music_Therapy.jpeg":["images/Music_Therapy.jpeg"],"images/Numbers_BG.jpeg":["images/Numbers_BG.jpeg"],"images/Numbers_Icon.jpeg":["images/Numbers_Icon.jpeg"],"images/Paint.jpeg":["images/Paint.jpeg"],"images/Paint_Icon.jpeg":["images/Paint_Icon.jpeg"],"images/Rain_Background.jpeg":["images/Rain_Background.jpeg"],"images/Shape_Matching.jpeg":["images/Shape_Matching.jpeg"],"images/Speech_Therapy.jpeg":["images/Speech_Therapy.jpeg"],"images/Story_Icon.png":["images/Story_Icon.png"],"images/Tangerine.jpeg":["images/Tangerine.jpeg"],"images/Therapy_Icon.jpeg":["images/Therapy_Icon.jpeg"],"images/Wateract.jpeg":["images/Wateract.jpeg"],"images/Waterbottle.jpeg":["images/Waterbottle.jpeg"],"images/Watermelon2.jpeg":["images/Watermelon2.jpeg"],"images/apple.jpeg":["images/apple.jpeg"],"images/bad_touch.jpeg":["images/bad_touch.jpeg"],"images/banana.jpeg":["images/banana.jpeg"],"images/cat.jpeg":["images/cat.jpeg"],"images/cherry.jpeg":["images/cherry.jpeg"],"images/dog.jpeg":["images/dog.jpeg"],"images/elephant.jpeg":["images/elephant.jpeg"],"images/fever.jpeg":["images/fever.jpeg"],"images/giraffe.jpeg":["images/giraffe.jpeg"],"images/good_touch.jpeg":["images/good_touch.jpeg"],"images/grapes.jpeg":["images/grapes.jpeg"],"images/kangaroo.jpeg":["images/kangaroo.jpeg"],"images/lion.jpeg":["images/lion.jpeg"],"images/mango.jpeg":["images/mango.jpeg"],"images/monkey.jpeg":["images/monkey.jpeg"],"images/orange.jpeg":["images/orange.jpeg"],"images/panda.jpeg":["images/panda.jpeg"],"images/pear.jpeg":["images/pear.jpeg"],"images/pineapple.jpeg":["images/pineapple.jpeg"],"images/strawberry.jpeg":["images/strawberry.jpeg"],"images/tiger.jpeg":["images/tiger.jpeg"],"images/video.mp4":["images/video.mp4"],"images/watermelon.jpeg":["images/watermelon.jpeg"],"images/zebra.jpeg":["images/zebra.jpeg"],"packages/cupertino_icons/assets/CupertinoIcons.ttf":["packages/cupertino_icons/assets/CupertinoIcons.ttf"],"packages/wakelock_plus/assets/no_sleep.js":["packages/wakelock_plus/assets/no_sleep.js"]}